{
  "rulesDirectory": [
    "codelyzer",
    "tslint-lines-between-class-members"
  ],
  "extends": ["tslint:recommended"],
  "rules": {
    "array-type": [
      true,
      "generic"
    ],
    "arrow-parens": false,
    "arrow-return-shorthand": true,
    "deprecation": {
      "severity": "warning"
    },
    "component-class-suffix": true,
    "contextual-lifecycle": true,
    "directive-class-suffix": true,
    "directive-selector": [
      true,
      "attribute",
      "app",
      "camelCase"
    ],
    "component-selector": [
      true,
      "element",
      "app",
      "kebab-case"
    ],
    "eofline": true,
    "import-blacklist": [
      true,
      "rxjs/Rx"
    ],
    "import-spacing": true,
    "indent": {
      "options": [
        "spaces"
      ]
    },
    "interface-name": false,
    "max-classes-per-file": false,
    "max-line-length": [
      true,
      140
    ],
    "member-access": false,
    "member-ordering": [
      true,
      {
        "order": [
          "public-static-field",
          "public-static-method",
          "protected-static-field",
          "protected-static-method",
          "private-static-field",
          "private-static-method",
          "public-instance-field",
          "protected-instance-field",
          "private-instance-field",
          "public-constructor",
          "protected-constructor",
          "private-constructor",
          "public-instance-method",
          "protected-instance-method",
          "private-instance-method"
        ]
      }
    ],
    "no-consecutive-blank-lines": [
      true,
      1
    ],
    "no-console": [
      true,
      "debug",
      "info",
      "time",
      "timeEnd",
      "trace"
    ],
    "no-empty": false,
    "no-inferrable-types": [
      true,
      "ignore-params"
    ],
    "no-non-null-assertion": true,
    "no-redundant-jsdoc": true,
    "no-switch-case-fall-through": true,
    "no-var-requires": false,
    "object-literal-key-quotes": [
      true,
      "as-needed"
    ],
    "object-literal-sort-keys": false,
    "ordered-imports": false,
    "quotemark": [
      true,
      "single"
    ],
    "trailing-comma": false,
    "no-conflicting-lifecycle": true,
    "no-host-metadata-property": true,
    "no-input-rename": true,
    "no-inputs-metadata-property": true,
    "no-output-native": true,
    "no-output-on-prefix": true,
    "no-output-rename": true,
    "no-outputs-metadata-property": true,
    "template-banana-in-box": true,
    "template-no-negated-async": true,
    "use-lifecycle-interface": true,
    "use-pipe-transform-interface": true,
    "max-file-line-count": [
      true,
      500
    ],
    "no-any": false,
    "unnecessary-else": [
      true,
      {
        "allow-else-if": true
      }
    ],
    "only-arrow-functions": [
      true,
      "allow-declarations",
      "allow-named-functions"
    ],
    "typedef": [
      true,
      "parameter"
    ],
    "variable-name": [
      true,
      "check-format",
      "allow-leading-underscore",
      "require-const-for-all-caps",
      "ban-keywords"
    ],
    "file-name-casing": [
      true,
      "kebab-case"
    ],
    "align": [
      true,
      "elements",
      "members",
      "parameters",
      "statements"
    ],
    "semicolon": [
      true,
      "always",
      "strict-bound-class-methods"
    ],
    "one-line": [
      true,
      "check-open-brace",
      "check-whitespace",
      "check-else",
      "check-catch",
      "check-finally"
    ],
    "newline-before-return": true,
    "space-before-function-paren": [
      true,
      {
        "anonymous": "never",
        "named": "never",
        "asyncArrow": "always",
        "method": "never",
        "constructor": "never"
      }
    ],
    "whitespace": [
      true,
      "check-branch",
      "check-decl",
      "check-operator",
      "check-module",
      "check-separator",
      "check-type",
      "check-typecast",
      "check-type-operator",
      "check-preblock"
    ],
    "typedef-whitespace": [
      true,
      {
        "call-signature": "nospace",
        "index-signature": "nospace",
        "parameter": "nospace",
        "property-declaration": "nospace",
        "variable-declaration": "nospace"
      },
      {
        "call-signature": "onespace",
        "index-signature": "onespace",
        "parameter": "onespace",
        "property-declaration": "onespace",
        "variable-declaration": "onespace"
      }
    ],
    "curly": true,
    "lines-between-class-members": true
  }
}
